{
    "name": "Python Execution Output Comparison: Total Score",
    "tags": [],
    "output": 70.43667053373628,
    "difflib_overall_score": 63.57334106747254,
    "chatgpt_overall_score": 77.30000000000001,
    "difflib_scores": {
        "DependencyInjection": 54.81481481481482,
        "Easy": 73.30198954512979,
        "capitalize": 98.66666666666667,
        "django": 97.50661908599056,
        "endswith": 74.34851863650844,
        "Medium": 58.8646089122692,
        "startswith": 54.63844617539948,
        "strip": 40.52025736833141,
        "subprocess": 30.814686860216245,
        "Hard": 46.314818106134574,
        "NamedTuple": 35.49488054607509,
        "keys": 99.43437829546544,
        "lower": 89.33024384861525,
        "sklearn": 63.694144324396426,
        "socket": 68.65665487606235,
        "sort": 60.18629443519253,
        "count": 79.5031055900621,
        "multiprocessing": 18.24229904611459,
        "numpy": 16.2701956645287,
        "Memoization": 98.50746268656717,
        "Recursion": 61.19402985074627,
        "issuperset": 71.79787566385505,
        "items": 98.66538799648364,
        "join": 94.29175475687103,
        "Polymorphism": 18.446601941747574,
        "Lambda": 35.86206896551724,
        "os": 40.63716814159292,
        "datetime": 59.74842767295597,
        "math": 60.26217639315489,
        "setdefault": 50.61602418745275,
        "MonkeyPatching": 51.68539325842697,
        "split": 47.69413339167064,
        "list": 82.80724015141666,
        "extend": 40.116279069767444,
        "clear": 96.80365296803653,
        "DefaultDict": 96.52996845425868,
        "Global state": 98.77408056042032,
        "fromkeys": 76.58398107468739,
        "get": 70.30998509687035,
        "pandas": 44.18518518518518,
        "Keyword expression": 99.61389961389962,
        "Serialization": 55.749128919860624,
        "intersection": 42.950427350427354,
        "issubset": 37.56969696969697,
        "dict": 92.02898550724638,
        "add": 58.620689655172406,
        "find": 21.04954170138626,
        "Comprehension": 66.45367412140575,
        "pytorch": 52.933106872223675,
        "random": 62.041634004006625,
        "union": 69.7909265667926,
        "upper": 79.8566080117844,
        "TypeHinting": 99.3006993006993,
        "remove": 38.17781208787674,
        "replace": 6.4790361874673215,
        "requests": 8.986024124978215,
        "re": 67.05426356589147,
        "tuple": 91.44385026737967,
        "threading": 56.15367518549013,
        "Concurrency": 80.22598870056498,
        "asyncio": 56.57498154612823,
        "bytearray": 60.404832530254886,
        "bytes": 66.20636747219025,
        "flask": 6.514657980456026,
        "append": 96.43835616438356,
        "Deque": 97.85714285714285,
        "Reflection": 59.07692307692308,
        "Introspection": 64.0,
        "pop": 44.68997751745355,
        "index": 69.95416887008638,
        "Generator": 20.0,
        "insert": 76.8127929418252,
        "str": 61.80555555555556,
        "IdiomaticPython": 63.1578947368421,
        "ContextManager": 99.3103448275862,
        "popitem": 54.85362954157069,
        "reverse": 20.45060073478304,
        "scipy": 22.504913076341648,
        "tensorflow": 25.725293860990572,
        "format": 26.765799256505574,
        "UnitTesting": 97.14285714285714,
        "GarbageCollection": 99.64912280701755,
        "frozenset": 53.559322033898304,
        "VirtualEnvironment": 22.439024390243905,
        "ChainMap": 97.2972972972973,
        "sys": 25.186553042171443,
        "Coroutine": 90.7079646017699,
        "heapq": 35.96491228070175,
        "set": 97.31543624161074,
        "difference": 99.08256880733946,
        "collections": 25.116279069767444,
        "Decorator": 92.38095238095238,
        "json": 95.18132141082961,
        "OrderedDict": 99.31972789115646,
        "Metaclass": 30.05181347150259,
        "matplotlib": 29.24880640689974,
        "MemoryView": 99.73474801061008,
        "Non-default argument": 59.45945945945946,
        "Counter": 92.33716475095785,
        "copy": 99.61389961389962,
        "discard": 97.47899159663865
    },
    "chatgpt_scores": {
        "DependencyInjection": 70.0,
        "Easy": 87.6,
        "capitalize": 100.0,
        "django": 95.0,
        "endswith": 82.5,
        "Medium": 71.66666666666667,
        "startswith": 80.0,
        "strip": 71.66666666666667,
        "subprocess": 51.666666666666664,
        "Hard": 60.0,
        "NamedTuple": 70.0,
        "keys": 100.0,
        "lower": 97.5,
        "sklearn": 58.333333333333336,
        "socket": 75.0,
        "sort": 71.66666666666667,
        "count": 90.0,
        "multiprocessing": 15.0,
        "numpy": 30.0,
        "Memoization": 100.0,
        "Recursion": 85.0,
        "issuperset": 95.0,
        "items": 100.0,
        "join": 100.0,
        "Polymorphism": 70.0,
        "Lambda": 70.0,
        "os": 55.0,
        "datetime": 90.0,
        "math": 67.5,
        "setdefault": 48.333333333333336,
        "MonkeyPatching": 80.0,
        "split": 75.0,
        "list": 92.5,
        "extend": 70.0,
        "clear": 95.0,
        "DefaultDict": 95.0,
        "Global state": 100.0,
        "fromkeys": 97.5,
        "get": 85.0,
        "pandas": 40.0,
        "Keyword expression": 100.0,
        "Serialization": 80.0,
        "intersection": 95.0,
        "issubset": 90.0,
        "dict": 95.0,
        "add": 100.0,
        "find": 40.0,
        "Comprehension": 95.0,
        "pytorch": 65.0,
        "random": 75.0,
        "union": 86.66666666666667,
        "upper": 93.33333333333333,
        "TypeHinting": 100.0,
        "remove": 42.5,
        "replace": 7.5,
        "requests": 15.0,
        "re": 75.0,
        "tuple": 100.0,
        "threading": 73.33333333333333,
        "Concurrency": 95.0,
        "asyncio": 77.5,
        "bytearray": 76.66666666666667,
        "bytes": 85.0,
        "flask": 10.0,
        "append": 95.0,
        "Deque": 95.0,
        "Reflection": 70.0,
        "Introspection": 70.0,
        "pop": 50.0,
        "index": 85.0,
        "Generator": 90.0,
        "insert": 100.0,
        "str": 80.0,
        "IdiomaticPython": 70.0,
        "ContextManager": 100.0,
        "popitem": 75.0,
        "reverse": 23.333333333333332,
        "scipy": 26.666666666666668,
        "tensorflow": 46.666666666666664,
        "format": 52.5,
        "UnitTesting": 100.0,
        "GarbageCollection": 100.0,
        "frozenset": 90.0,
        "VirtualEnvironment": 30.0,
        "ChainMap": 100.0,
        "sys": 46.666666666666664,
        "Coroutine": 95.0,
        "heapq": 80.0,
        "set": 90.0,
        "difference": 100.0,
        "collections": 40.0,
        "Decorator": 100.0,
        "json": 100.0,
        "OrderedDict": 100.0,
        "Metaclass": 70.0,
        "matplotlib": 25.0,
        "MemoryView": 100.0,
        "Non-default argument": 100.0,
        "Counter": 95.0,
        "copy": 100.0,
        "discard": 95.0
    }
}
