{
    "name": "Python Execution Output Comparison: Total Score",
    "tags": [],
    "output": 71.13756136978064,
    "difflib_overall_score": 64.32512273956128,
    "chatgpt_overall_score": 77.95,
    "difflib_scores": {
        "DependencyInjection": 55.01858736059479,
        "Easy": 72.48031324078678,
        "capitalize": 98.66666666666667,
        "django": 97.92678715321745,
        "endswith": 74.34851863650844,
        "Medium": 59.67139854614558,
        "startswith": 50.682483075937824,
        "strip": 40.85383850479469,
        "subprocess": 30.814686860216245,
        "Hard": 50.91773277662114,
        "NamedTuple": 35.49488054607509,
        "keys": 99.43437829546544,
        "lower": 89.33024384861525,
        "sklearn": 63.4140322795785,
        "socket": 66.81730908325771,
        "sort": 54.05740440646296,
        "count": 79.5031055900621,
        "multiprocessing": 18.24229904611459,
        "numpy": 16.2701956645287,
        "Memoization": 98.50746268656717,
        "Recursion": 61.19402985074627,
        "issuperset": 71.79787566385505,
        "items": 98.66538799648364,
        "join": 94.29175475687103,
        "Polymorphism": 18.446601941747574,
        "Lambda": 37.19298245614035,
        "os": 40.52421133096169,
        "datetime": 33.33333333333333,
        "math": 53.259005145797595,
        "setdefault": 50.61602418745275,
        "MonkeyPatching": 52.075471698113205,
        "split": 42.178936544222275,
        "list": 84.39959683931477,
        "extend": 40.116279069767444,
        "clear": 96.36363636363636,
        "DefaultDict": 96.85534591194968,
        "Global state": 98.77408056042032,
        "fromkeys": 76.58398107468739,
        "get": 70.30998509687035,
        "pandas": 44.07222837455395,
        "Keyword expression": 98.84169884169884,
        "Serialization": 57.971014492753625,
        "intersection": 42.71023302938197,
        "issubset": 37.44588744588744,
        "dict": 92.02898550724638,
        "add": 58.87445887445888,
        "find": 28.820598006644516,
        "Comprehension": 61.980830670926515,
        "pytorch": 52.933106872223675,
        "random": 60.930726355834736,
        "union": 79.23280859817608,
        "upper": 81.97975026231519,
        "TypeHinting": 99.3006993006993,
        "remove": 43.32459875532263,
        "replace": 12.82447372406482,
        "requests": 13.216315816043213,
        "re": 65.94335591771959,
        "tuple": 91.44385026737967,
        "threading": 64.91769935732223,
        "Concurrency": 72.69303201506591,
        "asyncio": 74.13155642806805,
        "bytearray": 83.53714624828456,
        "bytes": 98.25229034531361,
        "flask": 26.663564448580736,
        "append": 96.43835616438356,
        "Deque": 97.85714285714285,
        "Reflection": 58.64197530864198,
        "Introspection": 64.0,
        "pop": 44.68997751745355,
        "index": 69.95416887008638,
        "Generator": 15.217391304347828,
        "insert": 76.69640814458934,
        "str": 61.80555555555556,
        "IdiomaticPython": 63.1578947368421,
        "ContextManager": 99.3103448275862,
        "popitem": 54.85362954157069,
        "reverse": 21.249701314217443,
        "scipy": 22.504913076341648,
        "tensorflow": 34.48931803282267,
        "format": 39.143649419372025,
        "UnitTesting": 97.14285714285714,
        "GarbageCollection": 99.64912280701755,
        "frozenset": 53.37837837837838,
        "VirtualEnvironment": 10.452961672473867,
        "ChainMap": 97.2972972972973,
        "sys": 26.631837433150878,
        "Coroutine": 90.7079646017699,
        "heapq": 35.96491228070175,
        "set": 97.31543624161074,
        "difference": 99.08256880733946,
        "collections": 24.88479262672811,
        "Decorator": 92.38095238095238,
        "json": 95.18132141082961,
        "OrderedDict": 99.31972789115646,
        "Metaclass": 30.05181347150259,
        "matplotlib": 22.245635159542445,
        "MemoryView": 99.73474801061008,
        "Non-default argument": 59.45945945945946,
        "Counter": 92.33716475095785,
        "copy": 99.61389961389962,
        "discard": 98.31932773109243
    },
    "chatgpt_scores": {
        "DependencyInjection": 70.0,
        "Easy": 88.1,
        "capitalize": 100.0,
        "django": 95.0,
        "endswith": 82.5,
        "Medium": 73.0,
        "startswith": 75.0,
        "strip": 66.66666666666667,
        "subprocess": 50.0,
        "Hard": 60.0,
        "NamedTuple": 70.0,
        "keys": 100.0,
        "lower": 97.5,
        "sklearn": 58.333333333333336,
        "socket": 65.0,
        "sort": 61.666666666666664,
        "count": 90.0,
        "multiprocessing": 10.0,
        "numpy": 25.0,
        "Memoization": 100.0,
        "Recursion": 85.0,
        "issuperset": 95.0,
        "items": 100.0,
        "join": 100.0,
        "Polymorphism": 70.0,
        "Lambda": 70.0,
        "os": 55.0,
        "datetime": 80.0,
        "math": 62.5,
        "setdefault": 45.0,
        "MonkeyPatching": 80.0,
        "split": 61.666666666666664,
        "list": 92.5,
        "extend": 70.0,
        "clear": 95.0,
        "DefaultDict": 95.0,
        "Global state": 100.0,
        "fromkeys": 90.0,
        "get": 95.0,
        "pandas": 40.0,
        "Keyword expression": 95.0,
        "Serialization": 80.0,
        "intersection": 90.0,
        "issubset": 85.0,
        "dict": 100.0,
        "add": 100.0,
        "find": 50.0,
        "Comprehension": 90.0,
        "pytorch": 70.0,
        "random": 80.0,
        "union": 90.0,
        "upper": 91.66666666666667,
        "TypeHinting": 100.0,
        "remove": 40.0,
        "replace": 5.0,
        "requests": 10.0,
        "re": 75.0,
        "tuple": 100.0,
        "threading": 86.66666666666667,
        "Concurrency": 95.0,
        "asyncio": 85.0,
        "bytearray": 85.0,
        "bytes": 100.0,
        "flask": 35.0,
        "append": 95.0,
        "Deque": 95.0,
        "Reflection": 70.0,
        "Introspection": 70.0,
        "pop": 52.5,
        "index": 95.0,
        "Generator": 90.0,
        "insert": 100.0,
        "str": 85.0,
        "IdiomaticPython": 70.0,
        "ContextManager": 100.0,
        "popitem": 77.5,
        "reverse": 16.666666666666668,
        "scipy": 20.0,
        "tensorflow": 60.0,
        "format": 60.0,
        "UnitTesting": 100.0,
        "GarbageCollection": 100.0,
        "frozenset": 90.0,
        "VirtualEnvironment": 70.0,
        "ChainMap": 100.0,
        "sys": 56.666666666666664,
        "Coroutine": 95.0,
        "heapq": 70.0,
        "set": 90.0,
        "difference": 100.0,
        "collections": 60.0,
        "Decorator": 95.0,
        "json": 100.0,
        "OrderedDict": 100.0,
        "Metaclass": 70.0,
        "matplotlib": 20.0,
        "MemoryView": 100.0,
        "Non-default argument": 100.0,
        "Counter": 95.0,
        "copy": 100.0,
        "discard": 95.0
    }
}
